{
  "high_threshold": 10.200000000000001,
  "low_threshold": 7.6,
  "brier_score": 0.24959111689754607,
  "ece_5_bins": 0.15322275897979443
}