{
  "alpha": 0.1,
  "nominal_coverage": 0.9,
  "empirical_coverage": 0.9375,
  "qhat": 5.279086875253908,
  "average_width": 10.558173750507818
}