model,count,mean,std,median,min,max
ElasticNet,15,2.938582616346872,0.12992848371387603,2.91321505972098,2.7551498528026848,3.2084452027472934
SVR,15,2.9524713804870983,0.12488545031514267,2.9206626576386427,2.7926327843581538,3.2120448728538404
RandomForest,15,2.9699743536436336,0.12874563828876126,2.9430592152023562,2.8313676077286125,3.263645720056239
GradientBoosting,15,2.974441564172031,0.1286316458181067,2.9467001527003727,2.83015316366442,3.24860749439477
XGBoost,15,2.9744714660288896,0.12643777952308777,2.9487591207921042,2.8330324731666834,3.242496790749228
